timestamp,open,high,low,close,volume,trades
open_time,open,high,low,close,volume,count
1790640000000,83461.10,83500.00,83438.30,83500.00,175.464,6047
1790640300000,83499.90,83512.60,83451.70,83484.90,141.381,5241
1790640600000,83484.90,83504.20,83413.90,83488.40,177.957,6315
1790640900000,83488.40,83488.40,83350.50,83412.50,202.752,7135
1790641200000,83412.50,83412.50,83307.20,83345.80,291.553,6182
1790641500000,83345.80,83519.90,83330.00,83511.10,272.561,8840
1790641800000,83511.10,83588.30,83426.70,83517.20,333.592,9199
1790642100000,83517.20,83588.90,83474.00,83493.90,189.136,6573
1790642400000,83493.90,83508.10,83458.60,83502.80,139.743,4805
1790642700000,83502.70,83502.70,83302.00,83302.00,278.671,11256
1790643000000,83302.10,83305.80,83213.40,83226.00,426.668,7985
1790643300000,83226.10,83257.90,83137.00,83137.00,357.410,11061
1790643600000,83137.00,83202.90,83044.40,83114.00,663.572,20423
1790643900000,83114.00,83144.80,82985.90,83001.70,594.330,16314
1790644200000,83001.80,83064.50,82928.00,82994.10,888.123,16760
1790644500000,82994.10,83002.40,82780.20,82788.60,832.851,20233
1790644800000,82788.50,83012.90,82786.50,82972.90,628.575,18394
1790645100000,82972.80,82977.20,82785.20,82785.30,420.019,11967
1790645400000,82785.20,82905.00,82741.60,82862.10,684.257,20420
1790645700000,82862.20,82873.70,82724.30,82810.10,458.166,17372
1790646000000,82810.10,82969.20,82787.10,82920.00,429.448,12951
1790646300000,82920.00,83058.30,82902.30,82936.80,391.717,15718
1790646600000,82936.80,83040.30,82869.70,83006.60,252.359,10386
1790646900000,83006.70,83073.40,82972.80,83021.60,359.901,12016
1790647200000,83021.60,83065.40,82950.40,82988.70,206.846,10925
1790647500000,82988.60,83025.20,82912.60,82933.00,230.190,11815
1790647800000,82934.00,83035.10,82870.10,82979.70,321.518,12739
1790648100000,82979.70,83082.90,82979.70,83081.70,234.252,10981
1790648400000,83081.60,83121.70,82868.90,82960.80,405.422,16181
1790648700000,82960.80,82970.00,82891.60,82939.00,135.413,8088
1790649000000,82938.90,82988.00,82850.90,82850.90,170.471,9177
1790649300000,82850.90,82995.00,82850.90,82935.70,190.432,9538
1790649600000,82935.70,83000.00,82919.00,82992.50,211.360,7132
1790649900000,82992.60,83077.90,82981.50,82981.60,336.188,11709
1790650200000,82981.50,82981.60,82865.00,82931.90,163.045,8772
1790650500000,82931.90,82954.50,82914.00,82935.70,107.470,4559
1790650800000,82935.80,83017.10,82863.40,82882.20,483.360,12631
1790651100000,82882.30,82925.40,82872.30,82904.70,121.178,5641
1790651400000,82904.70,82910.90,82865.60,82865.60,173.207,4779
1790651700000,82865.70,82996.20,82830.90,82981.00,245.877,9240
1790652000000,82981.00,83106.50,82980.90,83104.70,287.258,10151
1790652300000,83104.80,83184.80,83091.10,83175.40,360.821,9419
1790652600000,83175.50,83177.60,83080.00,83161.80,398.054,9360
1790652900000,83161.90,83177.60,83088.40,83100.00,192.771,5629
1790653200000,83099.90,83131.60,83076.00,83087.20,170.635,5768
1790653500000,83087.10,83131.50,83087.10,83114.60,164.518,4216
1790653800000,83114.70,83140.00,83045.70,83046.00,240.972,7769
1790654100000,83046.00,83065.50,83009.40,83034.10,166.182,4785
1790654400000,83034.10,83068.40,82983.50,83037.90,171.018,7235
1790654700000,83038.00,83064.40,82990.00,83030.80,115.914,4764
1790655000000,83030.80,83130.00,83026.40,83097.50,120.346,5515
1790655300000,83097.50,83194.90,83097.50,83193.20,169.192,6366
1790655600000,83193.20,83276.10,83187.50,83223.00,378.478,8835
1790655900000,83223.10,83237.70,83180.70,83182.30,114.809,3512
1790656200000,83182.30,83184.50,83109.10,83109.10,130.237,4437
1790656500000,83109.00,83146.20,83070.30,83127.50,167.698,5546
1790656800000,83127.40,83141.80,83111.10,83126.50,141.108,4017
1790657100000,83126.50,83131.30,83030.50,83050.50,107.343,4904
1790657400000,83050.50,83165.90,83037.80,83155.80,91.672,4815
1790657700000,83155.90,83178.90,83145.00,83165.70,66.410,3009
1790658000000,83165.80,83224.90,83154.70,83183.00,157.783,7076
1790658300000,83183.00,83215.40,83130.10,83168.20,92.906,5168
1790658600000,83168.30,83226.50,83152.50,83226.00,147.300,5074
1790658900000,83226.00,83307.90,83180.50,83271.40,322.444,8649
1790659200000,83271.50,83305.10,83239.20,83305.00,135.029,4053
1790659500000,83305.10,83310.00,83232.30,83277.60,127.118,4302
1790659800000,83277.60,83277.70,82968.90,82973.00,310.258,11225
1790660100000,82972.90,83074.30,82926.20,83074.30,466.630,15348
1790660400000,83074.40,83287.90,83064.00,83251.40,377.351,11673
1790660700000,83251.30,83325.60,83174.70,83318.40,228.751,9450
1790661000000,83318.40,83391.00,83290.90,83383.40,353.195,10110
1790661300000,83383.50,83398.70,83350.00,83398.70,261.898,7157
1790661600000,83398.70,83493.50,83375.00,83478.30,632.507,12086
1790661900000,83478.30,83739.90,83457.60,83734.40,1255.516,24651
1790662200000,83734.40,83858.30,83690.50,83858.20,1329.691,21971
1790662500000,83858.30,83861.90,83702.00,83781.40,871.796,15392
1790662800000,83781.50,83855.20,83753.30,83794.90,437.943,10285
1790663100000,83795.00,83850.00,83782.50,83845.10,367.364,7160
1790663400000,83845.20,83928.60,83833.10,83918.40,655.984,12147
1790663700000,83918.40,83918.40,83802.60,83834.30,415.191,9501
1790664000000,83834.30,83868.00,83834.30,83868.00,147.979,3400
1790664300000,83868.00,83877.20,83819.00,83874.00,310.677,5280
1790664600000,83873.90,83971.60,83873.90,83950.60,686.935,10749
1790664900000,83950.60,83978.70,83926.40,83964.90,284.270,7703
1790665200000,83965.00,83965.00,83833.50,83903.50,583.577,12820
1790665500000,83903.50,83998.90,83903.50,83997.50,408.648,9622
1790665800000,83997.40,84007.20,83924.00,83947.40,733.912,13166
1790666100000,83947.40,84042.50,83919.50,83949.30,551.613,12067
1790666400000,83949.30,83991.70,83873.50,83955.00,337.833,9309
1790666700000,83955.00,83998.00,83941.00,83956.40,300.708,7107
1790667000000,83956.50,84038.70,83917.70,84024.90,345.778,9348
1790667300000,84024.80,84164.00,84011.80,84105.30,933.620,15181
1790667600000,84105.20,84105.30,83969.00,83985.50,446.579,9712
1790667900000,83985.60,84037.30,83969.60,83979.90,344.813,6808
1790668200000,83979.90,84027.60,83976.70,83993.80,344.128,5949
1790668500000,83993.80,83993.80,83910.70,83947.00,384.513,7094
1790668800000,83947.00,84050.00,83947.00,84013.60,544.263,10280
1790669100000,84013.60,84020.00,83940.90,83987.60,288.678,8222
1790669400000,83987.50,84036.90,83962.70,84003.00,260.194,7281
1790669700000,84003.00,84082.00,84003.00,84055.00,290.573,6882
1790670000000,84055.00,84333.00,84055.00,84180.60,1532.407,29779
1790670300000,84180.60,84220.20,84130.70,84130.70,284.452,9110
1790670600000,84130.70,84130.80,83950.30,83986.80,709.669,12565
1790670900000,83986.90,83999.30,83838.40,83900.30,764.368,15422
1790671200000,83900.40,83928.30,83807.60,83817.50,437.761,10719
1790671500000,83817.50,83840.20,83760.60,83821.70,535.100,11281
1790671800000,83821.70,83827.80,83760.50,83795.50,262.596,5884
1790672100000,83795.50,83849.10,83795.40,83842.90,180.937,4491
1790672400000,83842.90,83844.40,83729.00,83793.30,322.433,9234
1790672700000,83793.20,83793.20,83731.00,83746.40,273.934,7667
1790673000000,83746.40,83764.80,83729.00,83750.30,348.238,6330
1790673300000,83750.30,83777.60,83728.00,83760.10,255.610,4850
1790673600000,83760.10,83813.20,83741.90,83794.60,257.814,6536
1790673900000,83794.60,83903.50,83766.20,83810.40,812.219,9407
1790674200000,83810.40,83936.70,83800.00,83931.00,358.437,8942
1790674500000,83931.00,83961.30,83896.30,83961.30,248.603,5770
1790674800000,83961.20,83971.60,83888.40,83971.60,180.347,5429
1790675100000,83971.60,84169.00,83950.00,84166.60,931.844,23433
1790675400000,84166.70,84270.00,84151.70,84206.00,874.530,23638
1790675700000,84206.10,84288.00,84201.20,84214.30,571.243,18287
1790676000000,84214.20,84214.30,84117.30,84148.70,424.600,13352
1790676300000,84148.70,84237.00,84125.20,84237.00,347.990,11952
1790676600000,84237.00,84299.90,84158.50,84167.90,521.794,13560
1790676900000,84167.90,84178.90,84068.00,84070.00,238.195,6422
1790677200000,84070.00,84094.00,84026.70,84076.00,312.588,6249
1790677500000,84076.10,84122.70,84076.00,84118.10,149.781,3051
1790677800000,84118.00,84120.00,84002.90,84018.30,342.589,7794
1790678100000,84018.30,84026.00,83974.50,83989.40,184.218,4831
1790678400000,83989.40,84050.00,83949.30,83973.30,596.721,8327
1790678700000,83973.30,83999.10,83941.10,83970.20,265.640,6078
1790679000000,83970.30,84036.00,83970.30,84025.70,161.762,3890
1790679300000,84025.70,84040.20,83975.10,83986.40,168.470,5765
1790679600000,83986.40,84008.30,83894.50,83894.50,231.329,9554
1790679900000,83894.60,84057.40,83891.10,83997.10,309.012,9437
1790680200000,83997.10,84020.30,83950.00,83988.30,280.238,8136
1790680500000,83988.50,84033.80,83939.70,83986.50,123.990,5550
1790680800000,83986.60,84035.20,83965.00,84031.80,128.137,4981
1790681100000,84031.80,84041.80,84018.20,84023.50,150.858,4055
1790681400000,84023.40,84230.00,84018.70,84209.90,551.069,13235
1790681700000,84209.90,84239.60,84150.00,84204.10,459.551,12840
1790682000000,84204.20,84232.30,84154.20,84227.50,228.786,6488
1790682300000,84227.50,84450.00,84202.10,84400.30,1319.867,24800
1790682600000,84400.30,84465.30,84277.90,84416.50,1081.468,26176
1790682900000,84416.50,84420.00,84308.10,84310.80,392.310,10501
1790683200000,84310.90,84390.20,84265.60,84381.60,425.172,12931
1790683500000,84381.50,84381.60,84250.00,84291.10,419.730,11388
1790683800000,84291.10,84332.00,84261.40,84285.40,184.144,6331
1790684100000,84285.30,84450.00,84205.00,84231.90,746.289,19250
1790684400000,84231.80,84231.90,84120.00,84125.50,715.111,15247
1790684700000,84125.50,84175.90,84090.00,84170.20,295.228,10769
1790685000000,84170.30,84258.80,84160.00,84251.30,422.576,12080
1790685300000,84251.30,84432.10,84233.00,84353.80,634.290,17407
1790685600000,84353.80,84389.00,84292.10,84314.50,224.528,9794
1790685900000,84314.60,84320.70,84205.00,84249.20,354.217,10006
1790686200000,84249.10,84310.80,84211.50,84302.50,247.578,8309
1790686500000,84302.60,84350.00,84278.00,84280.50,277.371,8307
1790686800000,84280.60,84324.00,84204.60,84257.40,351.908,12287
1790687100000,84257.50,84398.10,84257.50,84398.10,239.737,9286
1790687400000,84398.10,84412.20,84331.00,84359.90,348.125,9716
1790687700000,84359.90,84403.20,84294.80,84402.70,335.103,8460
1790688000000,84402.60,84444.00,84381.70,84443.90,243.967,5111
1790688300000,84443.90,84554.90,84302.80,84310.90,1265.580,23148
1790688600000,84310.90,84316.90,84001.10,84079.60,1632.906,40145
1790688900000,84079.60,84203.50,83971.00,84176.20,913.043,28219
1790689200000,84176.20,84293.60,84095.40,84147.60,560.137,21964
1790689500000,84147.60,84194.80,84033.60,84139.00,606.569,22340
1790689800000,84139.00,84358.50,84094.00,84358.40,560.012,20474
1790690100000,84358.40,84420.20,84150.70,84157.50,491.232,16364
1790690400000,84157.50,84249.70,83937.70,83972.50,972.046,30140
1790690700000,83972.50,83983.30,83841.90,83850.10,1082.297,25410
1790691000000,83850.10,83934.00,83831.20,83875.80,584.113,17272
1790691300000,83875.80,84023.20,83811.00,84017.70,570.912,18106
1790691600000,84017.80,84030.00,83816.90,83881.80,640.259,21871
1790691900000,83881.70,84040.00,83859.50,83896.00,390.367,12838
1790692200000,83896.00,83980.00,83858.00,83877.70,359.130,12235
1790692500000,83877.70,83877.70,83701.80,83863.60,924.762,22917
1790692800000,83863.60,83978.10,83801.70,83855.00,504.507,19912
1790693100000,83855.00,83974.10,83750.00,83754.60,435.557,15389
1790693400000,83754.60,83843.90,83639.40,83783.10,871.941,22672
1790693700000,83783.10,83848.90,83707.50,83709.70,374.892,11063
1790694000000,83709.70,83721.70,83555.50,83555.70,990.566,26413
1790694300000,83555.70,83600.40,83422.80,83584.60,2523.543,42623
1790694600000,83584.50,83639.90,83314.90,83392.00,1646.016,30597
1790694900000,83392.00,83459.20,83242.90,83252.60,1276.407,26085
1790695200000,83252.60,83309.30,82985.00,83003.00,2878.595,50199
1790695500000,83003.10,83052.80,82880.60,82958.40,2723.561,43174
1790695800000,82958.40,83169.50,82940.50,83133.60,1964.802,34295
1790696100000,83133.70,83171.30,83101.20,83171.20,834.747,17120
1790696400000,83171.20,83206.40,83090.10,83146.40,656.794,15059
1790696700000,83146.40,83300.00,83043.80,83216.60,2119.512,38781
1790697000000,83216.60,83236.60,82890.60,82957.00,1288.046,26538
1790697300000,82957.00,83049.90,82929.00,83039.20,797.628,15654
1790697600000,83039.30,83114.30,83013.20,83013.20,1206.300,18867
1790697900000,83013.20,83064.70,82934.90,82979.30,719.938,16109
1790698200000,82979.30,83053.90,82925.00,82999.90,655.866,14709
1790698500000,82999.90,83120.70,82960.00,83064.60,652.726,15678
1790698800000,83064.60,83175.50,83064.50,83151.70,397.444,13132
1790699100000,83151.70,83261.70,83138.60,83220.10,498.074,11686
1790699400000,83220.10,83220.10,83100.00,83193.80,393.415,12710
1790699700000,83193.70,83243.20,83151.50,83151.50,282.933,9898
1790700000000,83151.50,83151.50,82993.50,82999.60,513.493,14628
1790700300000,82999.60,83051.20,82915.30,82975.30,897.402,21645
1790700600000,82975.30,83044.20,82902.60,82912.20,441.910,12937
1790700900000,82912.10,83046.30,82851.50,83023.10,801.485,14789
1790701200000,83023.10,83078.70,82969.90,83059.30,329.572,9982
1790701500000,83059.20,83160.20,83043.90,83126.30,373.341,9983
1790701800000,83126.40,83155.70,83046.10,83137.30,335.391,10122
1790702100000,83137.30,83142.70,83022.50,83108.80,552.528,10816
1790702400000,83108.70,83119.90,83006.90,83077.70,333.526,8660
1790702700000,83077.80,83144.80,83064.20,83144.80,145.647,6415
1790703000000,83144.80,83179.10,83125.30,83138.80,344.978,9495
1790703300000,83138.80,83143.40,83059.80,83098.80,350.133,9545
1790703600000,83098.70,83149.70,83088.80,83088.80,111.772,6899
1790703900000,83088.70,83137.00,83020.00,83020.80,278.838,9132
1790704200000,83020.80,83041.50,82942.20,83000.20,412.036,11773
1790704500000,83000.20,83042.70,82933.90,83042.70,306.556,8325
1790704800000,83042.70,83267.60,83042.70,83264.40,628.809,24546
1790705100000,83264.40,83398.00,83235.70,83260.00,1076.183,21002
1790705400000,83260.00,83394.20,83248.40,83394.20,335.361,9718
1790705700000,83394.10,83490.20,83362.40,83391.30,573.978,12804
1790706000000,83391.20,83498.10,83374.20,83469.00,383.533,9771
1790706300000,83468.90,83480.70,83384.70,83394.10,287.565,8390
1790706600000,83394.20,83550.00,83375.20,83541.80,677.486,16856
1790706900000,83541.70,83596.70,83490.20,83526.60,506.700,11890
1790707200000,83526.50,83673.00,83526.50,83594.80,707.370,12969
1790707500000,83594.90,83643.70,83559.30,83608.10,241.269,6565
1790707800000,83608.20,83656.60,83570.80,83600.00,147.021,6086
1790708100000,83600.10,83618.40,83565.10,83614.10,206.476,5185
1790708400000,83614.00,83630.00,83566.60,83624.00,156.406,6344
1790708700000,83624.00,83674.00,83594.70,83627.20,188.686,5674
1790709000000,83627.10,83638.50,83564.80,83564.80,253.779,4444
1790709300000,83564.80,83637.10,83524.70,83622.00,395.110,8988
1790709600000,83622.00,83622.00,83566.00,83590.60,104.341,3448
1790709900000,83590.50,83602.80,83505.60,83518.90,236.527,5515
1790710200000,83519.00,83586.30,83481.80,83557.80,228.187,6219
1790710500000,83557.80,83557.90,83508.80,83513.70,167.858,5321
1790710800000,83513.60,83513.70,83400.00,83400.10,427.936,8767
1790711100000,83400.00,83596.50,83371.90,83528.00,1057.042,18274
1790711400000,83527.90,83606.60,83496.10,83524.80,381.244,9869
1790711700000,83524.70,83585.00,83493.80,83562.40,354.609,8493
1790712000000,83562.50,83564.60,83482.80,83499.00,134.935,6187
1790712300000,83499.00,83573.20,83495.00,83501.60,205.513,6316
1790712600000,83501.60,83540.30,83470.20,83508.40,66.185,5112
1790712900000,83508.40,83589.20,83508.40,83589.20,47.376,3230
1790713200000,83589.10,83598.30,83570.30,83570.40,53.924,2716
1790713500000,83570.30,83620.80,83566.00,83594.00,117.714,3970
1790713800000,83594.00,83594.10,83554.90,83554.90,55.849,2898
1790714100000,83554.90,83588.00,83550.50,83588.00,57.016,2712
1790714400000,83587.90,83621.90,83587.90,83606.40,69.252,2495
1790714700000,83606.40,83618.30,83589.40,83618.30,70.774,2468
1790715000000,83618.20,83625.00,83606.30,83607.90,87.788,2910
1790715300000,83607.80,83620.20,83580.20,83580.20,140.339,4169
1790715600000,83580.20,83580.30,83480.20,83506.90,284.298,8007
1790715900000,83507.00,83521.30,83478.80,83512.40,144.446,4403
1790716200000,83512.40,83523.60,83497.30,83523.50,102.597,2428
1790716500000,83523.50,83526.50,83434.00,83444.10,190.105,4949
1790716800000,83444.20,83444.20,83396.20,83404.90,474.472,6197
1790717100000,83405.00,83428.40,83337.50,83379.60,359.334,7514
1790717400000,83379.50,83433.00,83369.60,83432.80,210.022,3632
1790717700000,83432.80,83439.70,83412.10,83439.70,94.538,2822
1790718000000,83439.70,83500.00,83429.60,83460.10,147.075,4296
1790718300000,83460.00,83460.10,83362.40,83397.90,250.205,7247
1790718600000,83398.00,83467.00,83397.90,83459.50,91.084,2768
1790718900000,83459.50,83470.30,83434.60,83470.30,110.748,2590
1790719200000,83470.20,83579.70,83470.20,83545.70,134.644,5565
1790719500000,83545.70,83562.10,83481.70,83562.10,101.838,5840
1790719800000,83562.10,83698.00,83538.80,83624.70,463.855,10236
1790720100000,83624.60,83641.60,83503.90,83617.20,316.223,9168
1790720400000,83617.20,83629.70,83550.00,83611.30,136.728,6142
1790720700000,83611.30,83662.20,83555.30,83555.40,229.847,4775
1790721000000,83555.50,83573.90,83496.50,83543.50,160.500,6341
1790721300000,83543.50,83561.90,83521.50,83525.20,102.464,3683
1790721600000,83525.30,83589.70,83525.20,83567.70,122.490,2768
1790721900000,83567.70,83599.90,83534.80,83553.10,100.529,4147
1790722200000,83553.00,83616.50,83548.70,83583.80,154.708,3267
1790722500000,83583.70,83597.50,83559.60,83574.90,104.764,2707
1790722800000,83575.00,83709.00,83570.30,83707.50,395.419,8716
1790723100000,83707.50,83811.70,83705.20,83757.20,769.458,15678
1790723400000,83757.30,83819.10,83751.20,83814.40,210.875,5241
1790723700000,83814.40,83824.70,83769.80,83773.10,241.591,5842
1790724000000,83773.00,83773.00,83683.70,83683.70,112.388,3938
1790724300000,83683.70,83720.00,83676.60,83717.70,141.027,4613
1790724600000,83717.80,83717.80,83658.20,83658.20,120.752,3828
1790724900000,83658.20,83677.80,83634.80,83677.70,221.431,5467
1790725200000,83677.80,83684.00,83586.20,83624.20,164.611,4250
1790725500000,83624.20,83679.00,83624.10,83671.50,100.690,4114
1790725800000,83671.40,83682.20,83595.40,83600.30,170.631,4538
1790726100000,83600.40,83630.70,83600.30,83624.50,66.379,2537
